센터명,시도,시군구,우편번호,주소1,주소2,대표전화번호,FAX번호,홈페이지
서울특별시학교밖청소년지원센터,서울특별시,중구,4543,서울특별시 중구 을지로11길 23 (수표동),비어있음,02-2285-1318,비어있음,https://www.teen1318.or.kr/
서울종로구학교밖청소년지원센터,서울특별시,종로구,3065,서울특별시 종로구,명륜길 90,02-742-1318,02-762-1319,http://www.jongno1318.or.kr
서울중구학교밖청소년지원센터,서울특별시,중구,4596,서울특별시 중구,동호로 5길 19,02-2250-0543,비어있음,비어있음
서울용산구학교밖청소년지원센터,서울특별시,용산구,4316,서울특별시 용산구,백범로 329 용산꿈나무종합타운 4층 용산구청소년상담복지센터,02-3273-5825,비어있음,http://www.dodoit.or.kr
서울성동구학교밖청소년지원센터,서울특별시,성동구,4718,서울특별시 성동구,행당로6길 24-15 성동구청소년상담복지센터,02-2296-1318,비어있음,https://www.sdfac.or.kr/kor/tcwc/main.do
서울광진구학교밖청소년지원센터,서울특별시,광진구,5072,서울특별시 광진구,아차산로 24길 17 자양공공힐링센터3층,02-2205-2300,비어있음,http://www.light1318.or.kr
서울동대문구학교밖청소년지원센터,서울특별시,동대문구,2586,서울특별시 동대문구,"천호대로 2길 23-9 신설동복지지원센터3,4층",02-2237-1318,비어있음,비어있음
서울중랑구학교밖청소년지원센터,서울특별시,중랑구,2254,서울특별시 중랑구,용마산로 217 3층,02-490-0222,비어있음,비어있음
서울성북구학교밖청소년지원센터,서울특별시,성북구,2840,서울특별시 성북구,동소문로26다길 8-2 성북구청소년지원센터,02-3292-1785,비어있음,비어있음
서울강북구학교밖청소년지원센터,서울특별시,강북구,1012,서울특별시 강북구,4.19로 74 강북청소년수련관 3층,02-6715-6665,비어있음,비어있음
서울도봉구학교밖청소년지원센터,서울특별시,도봉구,1412,서울특별시 도봉구,노해로 69길 132 창동문화체육센터 1층,02-6956-4505,비어있음,http://www.db1318.or.kr/
서울노원구학교밖청소년지원센터,서울특별시,노원구,1616,서울특별시 노원구,"수락산로 212-19, 3층    ",02-930-1388,비어있음,https://www.nowonyouthcenter.org/
서울은평구학교밖청소년지원센터,서울특별시,은평구,3476,서울특별시 은평구,백련산로 4길 16 서울시립 은평청소년수련관 2층,02-382-5966,비어있음,비어있음
서울서대문구학교밖청소년지원센터,서울특별시,서대문구,3745,서울특별시 서대문구 독립문로12길 34 (천연동),2층 서대문구학교밖청소년지원센터,02-313-1388,비어있음,비어있음
서울마포구학교밖청소년지원센터,서울특별시,마포구,4016,서울특별시 마포구,희우정로 77 상가동 마포구청소년상담복지센터,02-6376-9900,비어있음,비어있음
서울양천구학교밖청소년지원센터,서울특별시,양천구,8067,서울특별시 양천구,"남부순환로 83길 53, 2층 양천구 청소년지원센터 꿈드림",02-2645-1318,비어있음,https://www.yangcheon1388.or.kr/
서울강서구학교밖청소년지원센터,서울특별시,강서구,7609,서울특별시 강서구 초원로11길 19 (방화동),2층,02-3662-1388,02-3661-0924,비어있음
서울구로구학교밖청소년지원센터,서울특별시,구로구,8254,서울특별시 구로구 고척로1길 18 (오류동),구로구청소년지원센터꿈드림,02-863-1318,비어있음,비어있음
서울금천구학교밖청소년지원센터,서울특별시,금천구,8645,서울특별시 금천구,독산로32다길 17,02-803-1873,비어있음,비어있음
서울영등포구학교밖청소년지원센터,서울특별시,영등포구,7369,서울특별시 영등포구,도영로 22길 36 해광빌딩 2층,02-2637-1318,02-2636-2071,http://www.young1318.com/sub05/sub01.php
서울동작구학교밖청소년지원센터,서울특별시,동작구,7062,서울특별시 동작구,여의대방로 20길 61 시립보라매청소년센터 슬기동 2층,02-834-1358,비어있음,www.djyc1388.or.kr/
서울관악구학교밖청소년지원센터,서울특별시,관악구,8790,서울특별시 관악구,남부순환로234길 73 싱글벙글교육센터 벙글동 4층,02-877-9400,비어있음,http://www.go1318.or.kr
서울서초구학교밖청소년지원센터,서울특별시,서초구,6703,서울특별시 서초구,"방배로 5길 11 2층, 서초구청소년상담복지센터  ",02-525-9128,비어있음,비어있음
서울강남구학교밖청소년지원센터,서울특별시,강남구,6362,서울특별시 강남구,광평로 144 수서청소년수련관 2층,02-2226-8555,비어있음,비어있음
서울송파구학교밖청소년지원센터,서울특별시,송파구,5807,서울특별시 송파구,"송파대로14길 7, 송파구청소년지원센터 꿈드림   ",02-3402-1318,070-4369-1318,https://spkdream.modoo.at/
서울강동구학교밖청소년지원센터,서울특별시,강동구,5211,서울특별시 강동구,아리수로93길 47 시립강동청소년센터 2층,02-6252-1388,비어있음,비어있음
부산광역시학교밖청소년지원센터,부산광역시,부산진구,47247,부산광역시 부산진구 서전로 43 (전포동),", 6층",051-304-1318,비어있음,http://www.cando.or.kr
부산중구학교밖청소년지원센터,부산광역시,중구,48954,부산광역시 중구,남포길 39-2 3층,051-245-1388,비어있음,비어있음
부산서구학교밖청소년지원센터,부산광역시,서구,49206,부산광역시 서구 시약로 125 (서대신동3가),1층,051-243-0701,비어있음,http://www.flyseogu1388.or.kr/
부산동구학교밖청소년지원센터,부산광역시,동구,48723,부산광역시 동구,"범곡로 9(3층, 동구청소년상담복지센터)    ",051-632-1388,비어있음,비어있음
부산영도구학교밖청소년지원센터,부산광역시,영도구,49113,부산광역시 영도구,"절영로 321, 함지골수련관 1층   ",051-405-5224,비어있음,http://busanyouth.or.kr/
부산진구학교밖청소년지원센터,부산광역시,부산진구,47209,부산광역시 부산진구,"동평로405번길85 ,2층     ",051-868-0905,비어있음,비어있음
부산동래구학교밖청소년지원센터,부산광역시,동래구,47710,부산광역시 동래구,"중앙대로 1523 SK허브스카이 A3동 05,06호  ",051-555-1389,비어있음,http://www.1388youth.kr
부산남구학교밖청소년지원센터,부산광역시,남구,48494,부산광역시 남구,"유엔평화로 24, 5층 남구청소년상담복지센터   ",051-621-4831,비어있음,비어있음
부산북구학교밖청소년지원센터,부산광역시,북구,46579,부산광역시 북구,덕천로 3,051-334-3003,051-309-4118,https://www.bsbukgu.go.kr/youth/index.bsbukgu
부산해운대구학교밖청소년지원센터,부산광역시,해운대구,48088,부산광역시 해운대구,재반로 151-21 해운대청소년수련관 4층,051-715-1388,비어있음,비어있음
부산사하구학교밖청소년지원센터,부산광역시,사하구,49320,부산광역시 사하구,"대티로 59, 대티까지어울림센터 3층   ",051-207-7142,비어있음,https://saha1388.kr/
부산금정구학교밖청소년지원센터,부산광역시,금정구,46267,부산광역시 금정구,"기찰로 96번길 47, 3층   ",051-714-2079,비어있음,비어있음
부산강서구학교밖청소년지원센터,부산광역시,강서구,46700,부산광역시 강서구,"대저로63번길 31, 강서구종합사회복지관 2층   ",051-972-4595,비어있음,비어있음
부산연제구학교밖청소년지원센터,부산광역시,연제구,47533,부산광역시 연제구 화지로52번길 7 (거제동),해맞이둥지 4층,051-506-1385,비어있음,비어있음
부산수영구학교밖청소년지원센터,부산광역시,수영구,48264,부산광역시 수영구,"수영로 521번길 77, 청소년문화의집 3층  ",051-759-8422,비어있음,http://meetyou.kr
부산사상구학교밖청소년지원센터,부산광역시,사상구,46931,부산광역시 사상구,덕상로 129,051-316-2214,비어있음,비어있음
부산기장군학교밖청소년지원센터,부산광역시,기장군,46069,부산광역시 기장군,기장읍 차성서로 86 대라다목적도서관 4층,051-792-4926,비어있음,비어있음
대구광역시학교밖청소년지원센터,대구광역시,남구,42409,대구광역시 남구 명덕로34길 16 (대명동),", 2층 대구광역시학교밖청소년지원센터 꿈드림",053-431-1388,비어있음,비어있음
대구중구학교밖청소년지원센터,대구광역시,중구,41919,대구광역시 중구,국채보상로 541 8층,053-422-2121,053-422-6789,비어있음
대구동구학교밖청소년지원센터,대구광역시,동구,41165,대구광역시 동구 화랑로 439 (방촌동),3층,053-963-9400,053-984-1316,https://ansimdream.or.kr
대구서구학교밖청소년지원센터,대구광역시,서구,41770,대구광역시 서구,"서대구로 222, 3층    ",053-216-8310,비어있음,비어있음
대구남구학교밖청소년지원센터,대구광역시,남구,42452,대구광역시 남구,"현충로 64, 5층",053-652-8219,비어있음,비어있음
대구북구학교밖청소년지원센터,대구광역시,북구,41516,대구광역시 북구,검단로 71-17(산격동) 북구청소년회관 2층,053-384-6985,053-665-2199,www.bukguzzang.co.kr
대구수성구학교밖청소년지원센터,대구광역시,수성구,42027,대구광역시 수성구,"달구벌대로 2451, 5층    ",053-666-4205,053-666-4249,비어있음
대구달서구학교밖청소년지원센터,대구광역시,달서구,42613,대구광역시 달서구 서당로 30 (신당동),달서구학교밖청소년지원센터,053-592-1378,비어있음,비어있음
대구달성군학교밖청소년지원센터,대구광역시,달성군,43017,대구광역시 달성군 현풍읍 테크노중앙대로 231,3층,053-614-1389,비어있음,비어있음
인천광역시학교밖청소년지원센터,인천광역시,동구,22573,인천광역시 동구 박문로 1 (송림동),", 청소년센터 1층",032-721-2330,비어있음,비어있음
인천중구학교밖청소년지원센터,인천광역시,중구,22309,인천광역시 중구,참외전로 72번길 25 동인천동주민센터 3층,032-765-1009,비어있음,http://www.junggu1388.kr/
인천동구학교밖청소년지원센터,인천광역시,동구,22556,인천광역시 동구 송림로 80 (송림동),4층,032-777-1383,032-766-1387,http://www.dream1388.or.kr
인천미추홀구학교밖청소년지원센터,인천광역시,미추홀구,22136,인천광역시 미추홀구,주안로 82 청소년지원센터 2층,비어있음,비어있음,비어있음
인천연수구학교밖청소년지원센터,인천광역시,연수구,21913,인천광역시 연수구,비류대로235번길 2층,032-822-9840,032-822-9842,https://www.ysyouth.or.kr/
인천남동구학교밖청소년지원센터,인천광역시,남동구,21589,인천광역시 남동구,"소래로 645, 남동구평생학습관 4층   ",032-471-1318,비어있음,비어있음
인천부평구학교밖청소년지원센터,인천광역시,부평구,21303,인천광역시 부평구 산청로 129 (청천동),2층,032-509-8916,032-509-8917,비어있음
인천계양구학교밖청소년지원센터,인천광역시,계양구,21026,인천광역시 계양구,장제로 937 (계양구청소년수련관 4층),032-547-0853,070-7580-0853,비어있음
인천서구학교밖청소년지원센터,인천광역시,서구,22771,인천광역시 서구,"원적로 7번길 12, 2층(청소년지원센터 꿈드림)  ",032-584-1387,비어있음,https://www.sg1388.or.kr
광주광역시학교밖청소년지원센터,광주광역시,서구,62024,광주광역시 서구 학생독립로 37 (화정동),", 광주시청소년수련원 D동 2층",062-376-1324,비어있음,http://www.flyyouth.or.kr
광주동구학교밖청소년지원센터,광주광역시,동구,61502,광주광역시 동구,"지원로 34 (소태동) , 3층 ",062-673-1318,062-227-1318,http://dgdream.or.kr
광주서구학교밖청소년지원센터,광주광역시,서구,61966,광주광역시 서구 상무오월로 23 (쌍촌동),3층,062-710-1388,비어있음,http://kdream1388.com/
광주남구학교밖청소년지원센터,광주광역시,남구,61727,광주광역시 남구,"서문대로 693(진월동), 남구청소년상담복지센터 1층   ",062-716-1324,비어있음,비어있음
광주북구학교밖청소년지원센터,광주광역시,북구,61132,광주광역시 북구,대천로 86 북구청소년수련관 1층,062-268-1318,062-264-1388,http://www.ok1388.kr
광주광산구학교밖청소년지원센터,광주광역시,광산구,62363,광주광역시 광산구,무진대로 246-7(우산동) 우산LH 관리동 2층,062-951-1378,비어있음,비어있음
대전광역시학교밖청소년지원센터,대전광역시,동구,34630,대전광역시 동구 대전천동로 508 (원동),", 6층",042-222-1388,비어있음,http://cumdream.or.kr
대전서구학교밖청소년지원센터,대전광역시,서구,35223,대전광역시 서구 월평로 71 (월평동),4층,042-527-1388,042-487-1388,http://sgy1388.or.kr/
대전유성구학교밖청소년지원센터,대전광역시,유성구,34166,대전광역시 유성구,"유성대로 798-1, 메디칼벤처센터 2층(장대동)   ",042-826-1388,비어있음,https://blog.naver.com/udream1388
울산광역시학교밖청소년지원센터,울산광역시,중구,44532,"울산광역시 중구 강북로 105 (성남동, 롯데캐슬 스카이)",", 2층 205호",052-227-2000,052-211-2979,http://www.counteen.or.kr/
울산남구학교밖청소년지원센터,울산광역시,남구,44692,울산광역시 남구,돋질로 106 마이코즈 2층,052-700-1388,052-292-1388,https://www.ulsannamgu.go.kr/1388/cmm/main/usng_dream.do
울산동구학교밖청소년지원센터,울산광역시,동구,44070,울산광역시 동구 대학길 59 (화정동),3층,052-201-5279,비어있음,http://www.friend5279.or.kr
울산북구학교밖청소년지원센터,울산광역시,북구,44224,울산광역시 북구,"제내1길 6, 복음빌딩 4층   ",052-281-0924,비어있음,비어있음
울산울주군학교밖청소년지원센터,울산광역시,울주군,45001,울산광역시 울주군 온산읍 덕신로 299,6층,052-229-9635,비어있음,https://www.uljusiseol.or.kr/ulju1388/
세종특별자치시학교밖청소년지원센터,세종특별자치시,*,30024,세종특별자치시 조치원읍 새내로 108,", 2층(세종시청소년지원센터 꿈드림)",044-868-1318,비어있음,https://sj1388.or.kr/
경기도학교밖청소년지원센터,경기도,수원시 영통구,16506,경기도 수원시 영통구 광교로 156 (이의동),", 광교비즈니스센터 105호",031-253-1519,031-241-0981,https://gdream.or.kr
수원시학교밖청소년지원센터,경기도,수원시 팔달구,16486,경기도 수원시 팔달구,권광로 293 수원청소년문화센터 B1층,031-236-1317,비어있음,비어있음
성남시학교밖청소년지원센터,경기도,성남시 중원구,13409,경기도 성남시 중원구 마지로 54 (하대원동),2층 성남시학교밖청소년지원센터,031-729-9150,비어있음,비어있음
의정부시학교밖청소년지원센터,경기도,의정부시,11714,경기도 의정부시,"둔야로 9, 5층    ",031-828-9572,비어있음,비어있음
안양시학교밖청소년지원센터,경기도,안양시 만안구,13997,경기도 안양시 만안구,안양로 263번길 31(안양동) 1층,031-8045-5012,031-446-0246,비어있음
부천시학교밖청소년지원센터,경기도,부천시,14727,경기도 부천시,경인로 92번길 33 송내어울마당 5층,032-327-2232,비어있음,비어있음
광명시학교밖청소년지원센터,경기도,광명시,14241,경기도 광명시,디지털로 34 노둣돌 1호동 3층,02-6677-1318,022-060-0314,https://gmyouth.or.kr/kdream/index.do
평택시학교밖청소년지원센터,경기도,평택시,17903,경기도 평택시,평남로 616 청소년문화센터 2층 꿈드림,070-4159-5482,031-655-5485,비어있음
동두천시학교밖청소년지원센터,경기도,동두천시,11325,경기도 동두천시 동두천로 314 (생연동),동두천시복합문화커뮤니티센터 3층,031-865-2000,비어있음,https://1388.tistory.com/
안산시학교밖청소년지원센터,경기도,안산시 단원구,15387,경기도 안산시 단원구 원초로 76 (초지동),4층 안산시학교밖청소년지원센터,031-364-1018,031-486-0944,https://www.aycc.org/
고양시학교밖청소년지원센터,경기도,고양시,10512,경기도 고양시,덕양구 중앙로 633번길 25 토당청소년수련관 2층,031-995-4270,비어있음,비어있음
과천시학교밖청소년지원센터,경기도,과천시,13828,경기도 과천시 공원마을1길 54 (문원동),"3층, 두번째 샛뜨락",02-504-5505,비어있음,비어있음
구리시학교밖청소년지원센터,경기도,구리시,11934,경기도 구리시 안골로 32-1 (교문동),1층 구리시 청소년 상담복지센터 청소년 지원센터 꿈드림,031-565-1388,비어있음,비어있음
남양주시학교밖청소년지원센터,경기도,남양주시,12244,경기도 남양주시,다산지금로51-47 남양주시청소년수련관 2층 해밀교실라온짬,031-590-3946,비어있음,비어있음
오산시학교밖청소년지원센터,경기도,오산시,18136,경기도 오산시,오산로278번길 3,031-372-4004,비어있음,비어있음
시흥시학교밖청소년지원센터,경기도,시흥시,15055,경기도 시흥시 정왕대로233번길 33 (정왕동),"3층, 학교밖청소년지원센터",031-404-1318,031-315-1319,https://www.shyouth.or.kr/shhch/main/view
군포시학교밖청소년지원센터,경기도,군포시,15823,경기도 군포시 수리산로 112 (산본동),슬기관 2층 군포시학교밖청소년지원센터,031-399-1366,비어있음,https://www.gpyf.or.kr/gpsp/contentsInfo.do?brd_mgrno=0&menu_no=1031
의왕시학교밖청소년지원센터,경기도,의왕시,16014,경기도 의왕시,"안양판교로 82, 포일어울림센터2층    ",031-347-1334,비어있음,비어있음
하남시학교밖청소년지원센터,경기도,하남시,12919,경기도 하남시,조정대로 111 청소년수련관 내 2층,031-760-5860,비어있음,비어있음
용인시학교밖청소년지원센터,경기도,용인시 처인구,17019,경기도 용인시 처인구,"중부대로 1161번길 69-2, 2층  ",031-328-9848,비어있음,비어있음
파주시학교밖청소년지원센터,경기도,파주시,10915,경기도 파주시,금릉역로 85 금릉역사 2층 파주시청소년지원센터 꿈드림,031-540-5340,031-946-1133,https://www.pcy.or.kr/kd/
이천시학교밖청소년지원센터,경기도,이천시,17380,경기도 이천시 이섭대천로 1119 (증일동),1층,031-8011-3133,031-8011-3006,http://www.icfyouth.or.kr/
안성시학교밖청소년지원센터,경기도,안성시,17562,경기도 안성시,공도읍 공도5로 28,031-647-6151,비어있음,비어있음
김포시학교밖청소년지원센터,경기도,김포시,10099,경기도 김포시,걸포로76 중봉청소년수련관 3층,031-980-1691,비어있음,비어있음
화성시학교밖청소년지원센터,경기도,화성시,18299,경기도 화성시,"봉담읍 효행로 212, 2층   ",031-278-0179,031-278-0177,https://hskdream.or.kr/
광주시학교밖청소년지원센터,경기도,광주시,12779,경기도 광주시 회안대로 350-17 (태전동),4층 꿈드림,031-762-1318,비어있음,http://www.ggj1388.or.kr
양주시학교밖청소년지원센터,경기도,양주시,11492,경기도 양주시,고읍남로 205 양주청소년문화의집 3층,031-858-1318,비어있음,비어있음
포천시학교밖청소년지원센터,경기도,포천시,11184,경기도 포천시,"소흘읍 호국로 523번길 59-56, 청소년교육문화센터 2층 ",031-540-0663,비어있음,비어있음
여주시학교밖청소년지원센터,경기도,여주시,12623,경기도 여주시,청심로 88 3층,031-886-0541,비어있음,https://www.yeoju.go.kr/youth/index.do
가평군학교밖청소년지원센터,경기도,가평군,12452,경기도 가평군,청평면 은고개로39 청평호반문화체육센터 1층,031-582-2000,비어있음,비어있음
양평군학교밖청소년지원센터,경기도,양평군,12515,경기도 양평군,용문면 다문북길 59-7,031-770-3835,비어있음,비어있음
강원특별자치도학교밖청소년지원센터,강원특별자치도,춘천시,24270,강원특별자치도 춘천시 중앙로 14 (요선동),", 1층",033-257-9805,비어있음,https://www.gwdream.or.kr/
춘천시학교밖청소년지원센터,강원특별자치도,춘천시,24399,강원특별자치도 춘천시 동내면 거두택지길 70 (춘천거두2지구행복주택),2층 춘천꿈드림 청소년카페 DREAM,033-818-1318,070-522-8798,http://8181388.co.kr/
원주시학교밖청소년지원센터,강원특별자치도,원주시,26475,강원특별자치도 원주시 서원대로 234 (단계동),원주시청소년수련관 이음관 3층 꿈드림센터,033-813-1318,비어있음,http://www.wonju1388.kr/
강릉시학교밖청소년지원센터,강원특별자치도,강릉시,25534,강원특별자치도 강릉시 임영로141번길 10 (용강동),강릉시학교밖청소년지원센터 꿈드림,033-646-7942,033-646-7912,https://www.gn1388.or.kr/
동해시학교밖청소년지원센터,강원특별자치도,동해시,25735,강원특별자치도 동해시 부곡1길 6 (부곡동),2층,033-539-8175,비어있음,https://www.dh.go.kr/dhyc/index.do
태백시학교밖청소년지원센터,강원특별자치도,태백시,26044,강원특별자치도 태백시 태백로 1663 (문곡동),비어있음,033-582-1389,비어있음,비어있음
속초시학교밖청소년지원센터,강원특별자치도,속초시,24867,강원특별자치도 속초시 관광로363번길 14 (노학동),속초시청소년수련관 1층,033-635-0924,비어있음,비어있음
삼척시학교밖청소년지원센터,강원특별자치도,삼척시,25919,강원특별자치도 삼척시 엑스포로 50-1 (성남동),3층,033-575-5003,비어있음,비어있음
홍천군학교밖청소년지원센터,강원특별자치도,홍천군,25131,강원특별자치도 홍천군 홍천읍 산림공원2길 31,2층 청소년상담복지센터,033-432-1386,비어있음,비어있음
영월군학교밖청소년지원센터,강원특별자치도,영월군,26237,강원특별자치도 영월군 영월읍 제방안길 100,비어있음,033-375-1318,비어있음,비어있음
정선군학교밖청소년지원센터,강원특별자치도,정선군,26150,강원특별자치도 정선군 사북읍 사북6길 12-6,비어있음,033-591-1314,비어있음,비어있음
철원군학교밖청소년지원센터,강원특별자치도,철원군,24037,강원특별자치도 철원군 갈말읍 명성로179번길 26,비어있음,033-450-5388,033-450-5166,비어있음
충청북도학교밖청소년지원센터,충청북도,청주시 상당구,28545,충청북도 청주시 상당구 사직대로361번길 17 (영동),1층 학교밖청소년지원센터,043-257-0105,비어있음,http://1388.cbyouth.net/www/main
청주시학교밖청소년지원센터,충청북도,청주시 상당구,28543,충청북도 청주시 상당구,"중앙로 30, 7층(청하빌딩)   ",043-223-0753,비어있음,http://www.cj1388.or.kr/
서청주학교밖청소년지원센터,충청북도,청주시 흥덕구,28436,충청북도 청주시 흥덕구,직지대로 351번길 56 (청주시청소년수련관 3층),043-264-8801,043-297-1380,http://www.1388cw.or.kr/
충주시학교밖청소년지원센터,충청북도,충주시,27411,충청북도 충주시,"중원대로 3324, 1층    ",043-856-7804,비어있음,비어있음
제천시학교밖청소년지원센터,충청북도,제천시,27152,충청북도 제천시,"의림대로 264, 2층(비둘기상가A동)    ",043-642-7950,비어있음,http://www.jc1318.or.kr
보은군학교밖청소년지원센터,충청북도,보은군,28936,충청북도 보은군,보은읍 군청길 114,043-542-1388,비어있음,비어있음
옥천군학교밖청소년지원센터,충청북도,옥천군,29040,충청북도 옥천군,옥천읍 동부로 39 청소년수련관 1층,043-731-1388,비어있음,비어있음
영동군학교밖청소년지원센터,충청북도,영동군,29149,충청북도 영동군,영동읍 성안길 8 청소년수련관 2층,043-744-5700,비어있음,비어있음
증평군학교밖청소년지원센터,충청북도,증평군,27948,충청북도 증평군,증평읍 보건복지로 64-2 청소년수련관 2층,043-835-4193,비어있음,비어있음
진천군학교밖청소년지원센터,충청북도,진천군,27832,충청북도 진천군,진천읍 포석길 37-10(청소년수련관 4층),043-536-3430,비어있음,비어있음
괴산군학교밖청소년지원센터,충청북도,괴산군,28035,충청북도 괴산군,괴산읍 읍내로6길 20-9,043-834-7945,비어있음,비어있음
음성군학교밖청소년지원센터,충청북도,음성군,27697,충청북도 음성군 음성읍 문화1길 10-3,음성군학교밖청소년지원센터,043-872-9024,043-872-9025,http://www.es1388.or.kr/
단양군학교밖청소년지원센터,충청북도,단양군,27012,충청북도 단양군,"단양읍 삼봉로 187-18, 청소년수련관 2층  ",043-421-8370,043-421-8375,비어있음
충청남도학교밖청소년지원센터,충청남도,천안시 서북구,31100,충청남도 천안시 서북구 두정로 181 (두정동),", 3층(대연빌딩)",041-554-1380,비어있음,https://cnyouth.or.kr/
천안시학교밖청소년지원센터,충청남도,천안시 동남구,31123,충청남도 천안시 동남구,먹거리 11길 45,041-415-1318,비어있음,비어있음
공주시학교밖청소년지원센터,충청남도,공주시,32546,충청남도 공주시,대통1길 69-1 공주시학교밖청소년지원센터,041-854-7942,041-854-7941,비어있음
보령시학교밖청소년지원센터,충청남도,보령시,33466,충청남도 보령시,"문화원길9, 보령시청소년상담복지센터",041-935-1388,비어있음,http://www.dongmuya.or.kr/
아산시학교밖청소년지원센터,충청남도,아산시,31506,충청남도 아산시 번영로54번길 21 (온천동),2층~3층 아산시학교밖청소년지원센터,041-544-1388,비어있음,비어있음
서산시학교밖청소년지원센터,충청남도,서산시,31967,충청남도 서산시,"서령로 136, 서산문화복지센터 청소년수련관 3층  ",041-669-9056,041-681-2000,http://haemaum.com/
논산시학교밖청소년지원센터,충청남도,논산시,32993,충청남도 논산시,논산대로 424 (청소년청년재단 1층),041-730-6051,비어있음,https://www.nsyouth.or.kr/kr/
계룡시학교밖청소년지원센터,충청남도,계룡시,32801,충청남도 계룡시 신도안면 송정길 174,2층,042-841-0343,비어있음,비어있음
당진시학교밖청소년지원센터,충청남도,당진시,31772,충청남도 당진시,"무수동7길 142-26, 2층 당진시청소년상담복지센터   ",041-357-2000,비어있음,비어있음
금산군학교밖청소년지원센터,충청남도,금산군,32726,충청남도 금산군,금산읍 인삼로 17 금산청소년미래센터 1층,041-751-1383,비어있음,비어있음
부여군학교밖청소년지원센터,충청남도,부여군,33124,충청남도 부여군 규암면 수북로41번길 8-1,부여군학교밖청소년지원센터 꿈드림,041-837-1885,비어있음,비어있음
서천군학교밖청소년지원센터,충청남도,서천군,33644,충청남도 서천군,"서천읍 서천향교길 3, 2층   ",041-953-4040,비어있음,비어있음
청양군학교밖청소년지원센터,충청남도,청양군,33339,충청남도 청양군,청양읍 문화예술로 187-1 청소년문화의집 3층,041-942-1388,비어있음,비어있음
홍성군학교밖청소년지원센터,충청남도,홍성군,32272,충청남도 홍성군 홍북읍 홍학로 48,4층 홍성군청소년상담복지센터,041-642-1388,비어있음,비어있음
예산군학교밖청소년지원센터,충청남도,예산군,32423,충청남도 예산군 예산읍 벚꽃로 214-17,2층,041-335-5700,041-335-5701,http://yesanyouth.or.kr/
태안군학교밖청소년지원센터,충청남도,태안군,32140,충청남도 태안군,태안읍 백화로199,041-674-2800,041-674-2803,http://www.happy1388.or.kr
전북특별자치도학교밖청소년지원센터,전북특별자치도,전주시 덕진구,54935,전북특별자치도 전주시 덕진구 팔달로 346 (진북동),비어있음,063-273-1388,비어있음,비어있음
전주시학교밖청소년지원센터,전북특별자치도,전주시 완산구,55081,전북특별자치도 전주시 완산구,"용머리로 94, 3층   ",063-227-1005,비어있음,http://www.jjsangdam.or.kr/
군산시학교밖청소년지원센터,전북특별자치도,군산시,54121,전북특별자치도 군산시,동리 2길 7(삼학동),063-468-2870,비어있음,비어있음
익산시학교밖청소년지원센터,전북특별자치도,익산시,54621,전북특별자치도 익산시,"인북로 187, 익산상공회의소 5층   ",063-853-1388,063-856-1388,www.iksan.go.kr/1388/index.iksan
정읍시학교밖청소년지원센터,전북특별자치도,정읍시,56190,전북특별자치도 정읍시,"상동중앙로 14, 2층    ",063-537-5003,비어있음,비어있음
남원시학교밖청소년지원센터,전북특별자치도,남원시,55749,전북특별자치도 남원시,충정로 72 남원시학교밖청소년지원센터 3층,063-633-1977,비어있음,비어있음
김제시학교밖청소년지원센터,전북특별자치도,김제시,54368,전북특별자치도 김제시 도작로 224-32 (검산동),비어있음,063-545-0112,비어있음,비어있음
완주군학교밖청소년지원센터,전북특별자치도,완주군,55340,전북특별자치도 완주군,"삼례읍 삼봉로 125, 2층   ",063-291-3303,비어있음,비어있음
무주군학교밖청소년지원센터,전북특별자치도,무주군,55514,전북특별자치도 무주군,"무주읍 한풍루로 326-34 3층, 무주군청소년상담복지센터  ",063-324-6688,063-324-6680,비어있음
순창군학교밖청소년지원센터,전북특별자치도,순창군,56047,전북특별자치도 순창군,"순창읍 장류로 192, 청소년수련관 3층  ",063-652-1388,070-8220-3504,http://www.sc1388.or.kr/
전라남도학교밖청소년지원센터,전라남도,목포시,58614,전라남도 목포시 용당로 304 (용해동),", 전라남도청소년미래재단 2층",061-242-7474,061-242-1991,비어있음
목포시학교밖청소년지원센터,전라남도,목포시,58684,전라남도 목포시,"신흥로83번길 14, 목련아파트 복지동 1층  ",061-284-0924,061-287-0924,https://seafountain.mokpo.go.kr/youth/youth_support
여수시학교밖청소년지원센터,전라남도,여수시,59761,전라남도 여수시,신월로 648 전남대학교 국동캠퍼스 협동관 1층,061-641-0924,비어있음,http://www.ys1388.or.kr/
순천시학교밖청소년지원센터,전라남도,순천시,57956,전라남도 순천시,"장천안길 9, 3층  ",061-749-4235,비어있음,비어있음
나주시학교밖청소년지원센터,전라남도,나주시,58326,전라남도 나주시 교육길 13 (빛가람동),D-5동 112호,061-335-1388,061-333-1367,http://nj1388.webmaker21.kr/
광양시학교밖청소년지원센터,전라남도,광양시,57790,전라남도 광양시,광장로 14(중동) 광양시청소년문화센터 2층 꿈드림 사무실,061-795-7953,비어있음,비어있음
담양군학교밖청소년지원센터,전라남도,담양군,57344,전라남도 담양군,담양읍 지침6길 29(지침리 112-1번) 3층(담빛청소년문화의집),061-381-0924,비어있음,비어있음
곡성군학교밖청소년지원센터,전라남도,곡성군,57504,전라남도 곡성군,"옥과면 리문5길 11-5, 옥과청소년문화의집 5층  ",061-363-9584,비어있음,비어있음
구례군학교밖청소년지원센터,전라남도,구례군,57636,전라남도 구례군,"구례읍 구례로 508, 2층 청소년상담복지센터  ",061-782-0881,비어있음,http://www.gr1388.kr/
고흥군학교밖청소년지원센터,전라남도,고흥군,59535,전라남도 고흥군,"고흥읍 고흥로 1793 , 고흥군문화의집 2층 학교밖청소년지원센터",061-830-6056,비어있음,비어있음
보성군학교밖청소년지원센터,전라남도,보성군,59453,전라남도 보성군,"보성읍 송재로 281-7, 보성군청소년문화의집 2층  ",061-853-1377,061-853-1385,http://www.bs1388.co.kr/
화순군학교밖청소년지원센터,전라남도,화순군,58114,전라남도 화순군,화순읍 쌍충로 118-4 화순군청소년수련관 3층 학교밖청소년지원센터,061-375-7443,061-375-7441,http://www.hs1388.or.kr/
장흥군학교밖청소년지원센터,전라남도,장흥군,59327,전라남도 장흥군,"장흥읍 흥성로 37-23, 2층   ",061-863-1318,비어있음,비어있음
강진군학교밖청소년지원센터,전라남도,강진군,59226,전라남도 강진군,"강진읍 청렴길 1, 강진군청소년수련관 3층  ",061-432-1388,비어있음,http://www.gjyouth.co.kr/
해남군학교밖청소년지원센터,전라남도,해남군,59028,전라남도 해남군,"해남읍 수성2길 9, 2층   ",061-535-1315,비어있음,비어있음
영암군학교밖청소년지원센터,전라남도,영암군,58418,전라남도 영암군,"영암읍 영암로 1511, 영암군청소년센터 2층  ",061-470-6792,비어있음,비어있음
무안군학교밖청소년지원센터,전라남도,무안군,58528,전라남도 무안군 무안읍 면성1길 130,무안군복합문화센터4층,061-450-5527,비어있음,비어있음
함평군학교밖청소년지원센터,전라남도,함평군,57149,전라남도 함평군 함평읍 중앙길 212,비어있음,061-323-9995,비어있음,http://nownow1388.or.kr/
영광군학교밖청소년지원센터,전라남도,영광군,57044,전라남도 영광군 영광읍 물무로 84,정주새마을금고 2층,061-353-6188,비어있음,비어있음
장성군학교밖청소년지원센터,전라남도,장성군,57220,전라남도 장성군 장성읍 역전로 199-10,3층 학교밖청소년지원센터,061-393-1387,061-394-7179,http://js1388.or.kr
완도군학교밖청소년지원센터,전라남도,완도군,59115,전라남도 완도군,"완도읍 개포로 159번길 41, 완도군청소년문화의집 2층 ",061-555-2323,061-555-4201,https://wd1388.or.kr/
진도군학교밖청소년지원센터,전라남도,진도군,58926,전라남도 진도군 진도읍 진도대로 7213,3층 진도군학교밖청소년지원센터,061-540-3181,비어있음,비어있음
신안군학교밖청소년지원센터,전라남도,신안군,58827,전라남도 신안군,압해읍 압해로 876-22 가족센터 1층,061-240-8702,061-240-8780,http://www.shinan1388.com/
경상북도학교밖청소년지원센터,경상북도,안동시,36708,경상북도 안동시 축제장길 20 (옥야동),비어있음,054-850-1003,비어있음,비어있음
포항시학교밖청소년지원센터,경상북도,포항시,37601,경상북도 포항시,북구 삼호로 533 청소년 수련관 2층,054-240-9171,비어있음,비어있음
경주시학교밖청소년지원센터,경상북도,경주시,38088,경상북도 경주시,알천북로 131,054-760-7773,비어있음,비어있음
김천시학교밖청소년지원센터,경상북도,김천시,39518,경상북도 김천시,"문당길 142, 청소년문화의집 3층   ",054-434-1399,비어있음,비어있음
안동시학교밖청소년지원센터,경상북도,안동시,36708,경상북도 안동시,"축제장길42, 안동시청소년수련관 2층    ",054-841-7937,비어있음,비어있음
구미시학교밖청소년지원센터,경상북도,구미시,39221,경상북도 구미시,구미중앙로 11길 13,054-472-2000,비어있음,비어있음
영주시학교밖청소년지원센터,경상북도,영주시,36073,경상북도 영주시,광복로 63 영주청소년문화의집 2층,054-634-1324,비어있음,비어있음
영천시학교밖청소년지원센터,경상북도,영천시,38844,경상북도 영천시,"운동장로 92, 청소년수련관 2F   ",054-338-2000,비어있음,비어있음
상주시학교밖청소년지원센터,경상북도,상주시,37195,경상북도 상주시,"왕산로 219-11, 상주시청소년상담복지센터 2층   ",054-534-3511,비어있음,비어있음
문경시학교밖청소년지원센터,경상북도,문경시,36949,경상북도 문경시,"중앙로 50, 문경시드림스타트 건물 3층  ",054-556-3000,비어있음,비어있음
경산시학교밖청소년지원센터,경상북도,경산시,38678,경상북도 경산시 경산로 159-5 (옥산동),3층,053-819-6400,비어있음,비어있음
고령군학교밖청소년지원센터,경상북도,고령군,40137,경상북도 고령군 대가야읍 향교길 25,대가야행복드림1층,054-956-1320,비어있음,비어있음
칠곡군학교밖청소년지원센터,경상북도,칠곡군,39885,경상북도 칠곡군,"왜관읍 2번도로길 83, 1층   ",054-971-0425,비어있음,비어있음
봉화군학교밖청소년지원센터,경상북도,봉화군,36238,경상북도 봉화군,"봉화읍 내성로1길 17-20, 2층   ",054-674-1318,비어있음,http://bhw1318.or.kr/web/
울진군학교밖청소년지원센터,경상북도,울진군,36324,경상북도 울진군,"울진읍 대나리항길 2, 울진군청소년수련관 2층  ",054-789-5436,비어있음,비어있음
경상남도학교밖청소년지원센터,경상남도,창원시 의창구,51138,경상남도 창원시 의창구 사림로45번길 59 (사림동),", 경남대표도서관 청소년관 3,4층",055-711-1336,055-711-1330,http://kdream.gnyouth.net/
창원시창원학교밖청소년지원센터,경상남도,창원시 성산구,51412,경상남도 창원시 성산구 두대로 97 (삼동동),3층 창원시창원학교밖청소년지원센터,055-225-3907,055-273-2012,비어있음
창원시마산학교밖청소년지원센터,경상남도,창원시 마산회원구,51358,경상남도 창원시 마산회원구,"팔용로 128, 별관 2층  ",055-225-7292,비어있음,비어있음
창원시진해학교밖청소년지원센터,경상남도,창원시 진해구,51629,경상남도 창원시 진해구,"진해대로 1101, 진해종합사회복지관 203호  ",055-225-3893,비어있음,비어있음
진주시학교밖청소년지원센터,경상남도,진주시,52686,경상남도 진주시,북장대로 6번길 9(인사동) 청소년상담복지센터 2층,055-749-7939,비어있음,비어있음
통영시학교밖청소년지원센터,경상남도,통영시,53040,경상남도 통영시 해미당1길 33 (무전동),5층 통영시학교밖청소년지원센터,055-641-0079,비어있음,비어있음
사천시학교밖청소년지원센터,경상남도,사천시,52561,경상남도 사천시,"문선4길 23, 사천시청소년수련관 3층   ",055-831-4570,비어있음,https://www.youthsacheon.com/
김해시학교밖청소년지원센터,경상남도,김해시,50912,경상남도 김해시,가락로 176번길 3,055-314-1388,비어있음,https://www.gimhae.go.kr/00976/01487/04820.web
밀양시학교밖청소년지원센터,경상남도,밀양시,50436,경상남도 밀양시,"삼문송림길26, 청소년수련관2층     ",055-352-0924,비어있음,http://www.miryang1388.kr/
거제시학교밖청소년지원센터,경상남도,거제시,53257,경상남도 거제시 계룡로 175 (고현동),"1층, 거제시학교밖청소년지원센터",055-639-4801,비어있음,https://www.geoje.go.kr/youthplatform/main.html
양산시학교밖청소년지원센터,경상남도,양산시,50520,경상남도 양산시,"웅상대로 1009-2, 지하1층    ",055-367-1318,055-392-2539,비어있음
의령군학교밖청소년지원센터,경상남도,의령군,52151,경상남도 의령군,"의령읍 의령대로 1577-25, 청소년문화의집 2층  ",055-570-4972,비어있음,비어있음
함안군학교밖청소년지원센터,경상남도,함안군,52046,경상남도 함안군,"가야읍 말산1길 10, 청소년수련관 2층  ",055-583-0921,비어있음,비어있음
창녕군학교밖청소년지원센터,경상남도,창녕군,50332,경상남도 창녕군,"창녕읍 화왕산1로 46, 창녕청소년수련관 5층  ",055-532-2000,비어있음,비어있음
고성군학교밖청소년지원센터,경상남도,고성군,52936,경상남도 고성군,"고성읍 성내로 61, 고성군청소년센터 '온' 3층 ",055-670-2967,비어있음,비어있음
남해군학교밖청소년지원센터,경상남도,남해군,52419,경상남도 남해군,남해읍 망운로 32 종합사회복지관 3층,055-864-7962,비어있음,비어있음
하동군학교밖청소년지원센터,경상남도,하동군,52326,경상남도 하동군,하동읍 중앙로 72 청소년수련관 2층,055-884-3001,055-883-7554,비어있음
산청군학교밖청소년지원센터,경상남도,산청군,52226,경상남도 산청군,산청읍 웅석봉로 92 산청군청소년수련관 2층,055-970-6596,비어있음,비어있음
함양군학교밖청소년지원센터,경상남도,함양군,50046,경상남도 함양군 함양읍 용평4길 13,4층 함양군학교밖청소년지원센터,055-960-4972,비어있음,비어있음
거창군학교밖청소년지원센터,경상남도,거창군,50130,경상남도 거창군,거창읍 교촌길 100-30 청소년수련관3층,055-940-8860,비어있음,비어있음
합천군학교밖청소년지원센터,경상남도,합천군,50231,경상남도 합천군,"경남 합천군 합천읍 옥산로 96-5 (합천리, 청소년문화의집)",055-930-3909,비어있음,비어있음
제주특별자치도학교밖청소년지원센터,제주특별자치도,제주시,63218,제주특별자치도 제주시 고마로 152 (이도이동),", 2층",064-759-9982,비어있음,http://jejukdream.or.kr
제주시학교밖청소년지원센터,제주특별자치도,제주시,63097,제주특별자치도 제주시,"월랑북길 38, 4층",064-744-5999,064-743-5999,비어있음
서귀포시학교밖청소년지원센터,제주특별자치도,서귀포시,63590,제주특별자치도 서귀포시,"일주동로 8643, 2층(서귀동)    ",비어있음,비어있음,비어있음
연천군학교밖청소년지원센터,경기도,연천군,11012,경기도 연천군 연천읍 문화로 140,2층 연천군학교밖청소년지원센터,031-834-1388,비어있음,비어있음
평창군학교밖청소년지원센터,강원특별자치도,평창군,25377,강원특별자치도 평창군 평창읍 종부로 61,3층,033-335-7922,033-332-1318,https://www.pc1388.or.kr